Age,Workclass,Final Weight,Education,Edu No of Yrs, Marital-status,Occupation,Relationship,Race,Sex,Capotal-gain,Cappital-loss,Hours/Week,Native country,Income
39, State-gov, 77516, Bachelors, 13, Never-married, Adm-clerical, Not-in-family, White, Male, 2174, 0, 40, United-States, <=50K
50, Self-emp-not-inc, 83311, Bachelors, 13, Married-civ-spouse, Exec-managerial, Husband, White, Male, 0, 0, 13, United-States, <=50K
38, Private, 215646, HS-grad, 9, Divorced, Handlers-cleaners, Not-in-family, White, Male, 0, 0, 40, United-States, <=50K
53, Private, 234721, 11th, 7, Married-civ-spouse, Handlers-cleaners, Husband, Black, Male, 0, 0, 40, United-States, <=50K
28, Private, 338409, Bachelors, 13, Married-civ-spouse, Prof-specialty, Wife, Black, Female, 0, 0, 40, Cuba, <=50K
37, Private, 284582, Masters, 14, Married-civ-spouse, Exec-managerial, Wife, White, Female, 0, 0, 40, United-States, <=50K
49, Private, 160187, 9th, 5, Married-spouse-absent, Other-service, Not-in-family, Black, Female, 0, 0, 16, Jamaica, <=50K
52, Self-emp-not-inc, 209642, HS-grad, 9, Married-civ-spouse, Exec-managerial, Husband, White, Male, 0, 0, 45, United-States, >50K
31, Private, 45781, Masters, 14, Never-married, Prof-specialty, Not-in-family, White, Female, 14084, 0, 50, United-States, >50K
42, Private, 159449, Bachelors, 13, Married-civ-spouse, Exec-managerial, Husband, White, Male, 5178, 0, 40, United-States, >50K
37, Private, 280464, Some-college, 10, Married-civ-spouse, Exec-managerial, Husband, Black, Male, 0, 0, 80, United-States, >50K
30, State-gov, 141297, Bachelors, 13, Married-civ-spouse, Prof-specialty, Husband, Asian-Pac-Islander, Male, 0, 0, 40, India, >50K
23, Private, 122272, Bachelors, 13, Never-married, Adm-clerical, Own-child, White, Female, 0, 0, 30, United-States, <=50K
32, Private, 205019, Assoc-acdm, 12, Never-married, Sales, Not-in-family, Black, Male, 0, 0, 50, United-States, <=50K
40, Private, 121772, Assoc-voc, 11, Married-civ-spouse, Craft-repair, Husband, Asian-Pac-Islander, Male, 0, 0, 40, ?, >50K
34, Private, 245487, 7th-8th, 4, Married-civ-spouse, Transport-moving, Husband, Amer-Indian-Eskimo, Male, 0, 0, 45, Mexico, <=50K
25, Self-emp-not-inc, 176756, HS-grad, 9, Never-married, Farming-fishing, Own-child, White, Male, 0, 0, 35, United-States, <=50K
32, Private, 186824, HS-grad, 9, Never-married, Machine-op-inspct, Unmarried, White, Male, 0, 0, 40, United-States, <=50K
38, Private, 28887, 11th, 7, Married-civ-spouse, Sales, Husband, White, Male, 0, 0, 50, United-States, <=50K
43, Self-emp-not-inc, 292175, Masters, 14, Divorced, Exec-managerial, Unmarried, White, Female, 0, 0, 45, United-States, >50K
40, Private, 193524, Doctorate, 16, Married-civ-spouse, Prof-specialty, Husband, White, Male, 0, 0, 60, United-States, >50K
54, Private, 302146, HS-grad, 9, Separated, Other-service, Unmarried, Black, Female, 0, 0, 20, United-States, <=50K
35, Federal-gov, 76845, 9th, 5, Married-civ-spouse, Farming-fishing, Husband, Black, Male, 0, 0, 40, United-States, <=50K
43, Private, 117037, 11th, 7, Married-civ-spouse, Transport-moving, Husband, White, Male, 0, 2042, 40, United-States, <=50K
59, Private, 109015, HS-grad, 9, Divorced, Tech-support, Unmarried, White, Female, 0, 0, 40, United-States, <=50K
56, Local-gov, 216851, Bachelors, 13, Married-civ-spouse, Tech-support, Husband, White, Male, 0, 0, 40, United-States, >50K
19, Private, 168294, HS-grad, 9, Never-married, Craft-repair, Own-child, White, Male, 0, 0, 40, United-States, <=50K
54, ?, 180211, Some-college, 10, Married-civ-spouse, ?, Husband, Asian-Pac-Islander, Male, 0, 0, 60, South, >50K
39, Private, 367260, HS-grad, 9, Divorced, Exec-managerial, Not-in-family, White, Male, 0, 0, 80, United-States, <=50K
49, Private, 193366, HS-grad, 9, Married-civ-spouse, Craft-repair, Husband, White, Male, 0, 0, 40, United-States, <=50K
23, Local-gov, 190709, Assoc-acdm, 12, Never-married, Protective-serv, Not-in-family, White, Male, 0, 0, 52, United-States, <=50K
20, Private, 266015, Some-college, 10, Never-married, Sales, Own-child, Black, Male, 0, 0, 44, United-States, <=50K
45, Private, 386940, Bachelors, 13, Divorced, Exec-managerial, Own-child, White, Male, 0, 1408, 40, United-States, <=50K
30, Federal-gov, 59951, Some-college, 10, Married-civ-spouse, Adm-clerical, Own-child, White, Male, 0, 0, 40, United-States, <=50K
22, State-gov, 311512, Some-college, 10, Married-civ-spouse, Other-service, Husband, Black, Male, 0, 0, 15, United-States, <=50K
48, Private, 242406, 11th, 7, Never-married, Machine-op-inspct, Unmarried, White, Male, 0, 0, 40, Puerto-Rico, <=50K
21, Private, 197200, Some-college, 10, Never-married, Machine-op-inspct, Own-child, White, Male, 0, 0, 40, United-States, <=50K
19, Private, 544091, HS-grad, 9, Married-AF-spouse, Adm-clerical, Wife, White, Female, 0, 0, 25, United-States, <=50K
31, Private, 84154, Some-college, 10, Married-civ-spouse, Sales, Husband, White, Male, 0, 0, 38, ?, >50K
48, Self-emp-not-inc, 265477, Assoc-acdm, 12, Married-civ-spouse, Prof-specialty, Husband, White, Male, 0, 0, 40, United-States, <=50K
31, Private, 507875, 9th, 5, Married-civ-spouse, Machine-op-inspct, Husband, White, Male, 0, 0, 43, United-States, <=50K
53, Self-emp-not-inc, 88506, Bachelors, 13, Married-civ-spouse, Prof-specialty, Husband, White, Male, 0, 0, 40, United-States, <=50K
30, Private, 345898, HS-grad, 9, Never-married, Craft-repair, Not-in-family, Black, Male, 0, 0, 46, United-States, <=50K
38, Private, 139180, Bachelors, 13, Divorced, Prof-specialty, Unmarried, Black, Female, 15020, 0, 45, United-States, >50K
71, ?, 287372, Doctorate, 16, Married-civ-spouse, ?, Husband, White, Male, 0, 0, 10, United-States, >50K
45, State-gov, 252208, HS-grad, 9, Separated, Adm-clerical, Own-child, White, Female, 0, 0, 40, United-States, <=50K
41, ?, 202822, HS-grad, 9, Separated, ?, Not-in-family, Black, Female, 0, 0, 32, United-States, <=50K
72, ?, 129912, HS-grad, 9, Married-civ-spouse, ?, Husband, White, Male, 0, 0, 25, United-States, <=50K
45, Local-gov, 119199, Assoc-acdm, 12, Divorced, Prof-specialty, Unmarried, White, Female, 0, 0, 48, United-States, <=50K
31, Private, 199655, Masters, 14, Divorced, Other-service, Not-in-family, Other, Female, 0, 0, 30, United-States, <=50K
39, Local-gov, 111499, Assoc-acdm, 12, Married-civ-spouse, Adm-clerical, Wife, White, Female, 0, 0, 20, United-States, >50K
37, Private, 198216, Assoc-acdm, 12, Divorced, Tech-support, Not-in-family, White, Female, 0, 0, 40, United-States, <=50K
43, Private, 260761, HS-grad, 9, Married-civ-spouse, Machine-op-inspct, Husband, White, Male, 0, 0, 40, Mexico, <=50K
65, Self-emp-not-inc, 99359, Prof-school, 15, Never-married, Prof-specialty, Not-in-family, White, Male, 1086, 0, 60, United-States, <=50K
43, State-gov, 255835, Some-college, 10, Divorced, Adm-clerical, Other-relative, White, Female, 0, 0, 40, United-States, <=50K
43, Self-emp-not-inc, 27242, Some-college, 10, Married-civ-spouse, Craft-repair, Husband, White, Male, 0, 0, 50, United-States, <=50K
32, Private, 34066, 10th, 6, Married-civ-spouse, Handlers-cleaners, Husband, Amer-Indian-Eskimo, Male, 0, 0, 40, United-States, <=50K
43, Private, 84661, Assoc-voc, 11, Married-civ-spouse, Sales, Husband, White, Male, 0, 0, 45, United-States, <=50K
32, Private, 116138, Masters, 14, Never-married, Tech-support, Not-in-family, Asian-Pac-Islander, Male, 0, 0, 11, Taiwan, <=50K
53, Private, 321865, Masters, 14, Married-civ-spouse, Exec-managerial, Husband, White, Male, 0, 0, 40, United-States, >50K
22, Private, 310152, Some-college, 10, Never-married, Protective-serv, Not-in-family, White, Male, 0, 0, 40, United-States, <=50K
27, Private, 257302, Assoc-acdm, 12, Married-civ-spouse, Tech-support, Wife, White, Female, 0, 0, 38, United-States, <=50K
40, Private, 154374, HS-grad, 9, Married-civ-spouse, Machine-op-inspct, Husband, White, Male, 0, 0, 40, United-States, >50K
58, Private, 151910, HS-grad, 9, Widowed, Adm-clerical, Unmarried, White, Female, 0, 0, 40, United-States, <=50K
22, Private, 201490, HS-grad, 9, Never-married, Adm-clerical, Own-child, White, Male, 0, 0, 20, United-States, <=50K
52, Self-emp-inc, 287927, HS-grad, 9, Married-civ-spouse, Exec-managerial, Wife, White, Female, 15024, 0, 40, United-States, >50K
